INSERT INTO account (accountId, category, balance) VALUES ('123e4567-e89b-12d3-a456-426614174000', 'FOOD', 100.0);
INSERT INTO account (accountId, category, balance) VALUES ('123e4567-e89b-12d3-a456-426614174000', 'CASH', 70.0);
INSERT INTO account (accountId, category, balance) VALUES ('123e4567-e89b-12d3-a456-426614174000', 'MEAL', 700.0);
INSERT INTO account (accountId, category, balance) VALUES ('123e4567-e89b-12d3-a456-426614174001', 'FOOD', 10.0);
INSERT INTO account (accountId, category, balance) VALUES ('123e4567-e89b-12d3-a456-426614174001', 'CASH', 0.0);
INSERT INTO account (accountId, category, balance) VALUES ('123e4567-e89b-12d3-a456-426614174001', 'MEAL', 110.0);
INSERT INTO account (accountId, category, balance) VALUES ('123e4567-e89b-12d3-a456-426614174002', 'FOOD', 1000.0);
INSERT INTO account (accountId, category, balance) VALUES ('123e4567-e89b-12d3-a456-426614174002', 'CASH', 900.0);
INSERT INTO account (accountId, category, balance) VALUES ('123e4567-e89b-12d3-a456-426614174002', 'MEAL', 0.0);
INSERT INTO account (accountId, category, balance) VALUES ('123e4567-e89b-12d3-a456-426614174003', 'FOOD', 100.0);
INSERT INTO account (accountId, category, balance) VALUES ('123e4567-e89b-12d3-a456-426614174003', 'CASH', 100.0);
INSERT INTO account (accountId, category, balance) VALUES ('123e4567-e89b-12d3-a456-426614174004', 'MEAL', 10.0);

INSERT INTO mcc (mcc, category) VALUES (5411, 'FOOD');
INSERT INTO mcc (mcc, category) VALUES (5412, 'FOOD');
INSERT INTO mcc (mcc, category) VALUES (5811, 'MEAL');
INSERT INTO mcc (mcc, category) VALUES (5812, 'MEAL');

INSERT INTO merchant (id, name, category) VALUES ('123e4567-e89b-12d3-a456-426614174000', 'UBER TRIP                   SAO PAULO BR', 'CASH');
INSERT INTO merchant (id, name, category) VALUES ('123e4567-e89b-12d3-a456-426614174001', 'UBER EATS                   SAO PAULO BR', 'MEAL');
INSERT INTO merchant (id, name, category) VALUES ('123e4567-e89b-12d3-a456-426614174002', 'PAG*JoseDaSilva          RIO DE JANEI BR', 'FOOD');
INSERT INTO merchant (id, name, category) VALUES ('123e4567-e89b-12d3-a456-426614174003', 'PICPAY*BILHETEUNICO           GOIANIA BR', 'CASH');

